Postal Codes,,
1,1.27293336, 103.8516864200
1,1.27268129, 103.8529256000
1,1.270166, 103.8566565500
1,1.26972, 103.85745
1,1.26986, 103.85758
1,1.26952, 103.85832
1,1.26935, 103.85844
1,1.26929, 103.85842
1,1.26897, 103.85797
1,1.26473, 103.86085
1,1.26536, 103.86174
1,1.26783, 103.85999
1,1.27017, 103.86329
1,1.27039, 103.86313
1,1.27575, 103.87031
1,1.281, 103.87527
1,1.28644, 103.86994
1,1.28984, 103.86798
1,1.28878, 103.86476
1,1.28851, 103.86428
1,1.28834, 103.86063
1,1.2865, 103.85895
1,1.28646, 103.85457
1,1.28064, 103.85112
1,1.27852, 103.84981
1,1.27596, 103.84959
2,1.29268, 103.89242
2,1.28984, 103.86798
2,1.28644, 103.86994
2,1.281, 103.87527
3,1.28883, 103.85429
3,1.29126, 103.85496
3,1.29566, 103.85751
3,1.29844, 103.86032
3,1.30338, 103.86702
3,1.30293, 103.87182
3,1.3007, 103.87279
3,1.29907, 103.87747
3,1.29814, 103.87682
3,1.29525, 103.87137
3,1.28984, 103.86798
3,1.28878, 103.86476
3,1.28851, 103.86428
3,1.28834, 103.86063
3,1.2865, 103.85895
3,1.28646, 103.85457
4,1.28208, 103.8487
4,1.28366, 103.8462
4,1.2889, 103.84918
4,1.28791, 103.84951
4,1.28623, 103.85004
4,1.28562, 103.85135
4,1.28643, 103.85262
4,1.28735, 103.85339
4,1.28883, 103.85429
4,1.28646, 103.85457
4,1.28064, 103.85112
5,1.28946, 103.84844
5,1.28978, 103.8472
5,1.28898, 103.84505
5,1.28932, 103.84445
5,1.29005, 103.84407
5,1.29054, 103.84241
5,1.28859, 103.84132
5,1.28756, 103.84258
5,1.28293, 103.84213
5,1.28258, 103.84257
5,1.28199, 103.84234
5,1.28142, 103.84318
5,1.28098, 103.843
5,1.28049, 103.84395
5,1.28138, 103.84476
5,1.28117, 103.84506
5,1.2835, 103.84643
5,1.28366, 103.8462
5,1.2889, 103.84918
6,1.27975, 103.84473
6,1.27907, 103.84521
6,1.27704, 103.84635
6,1.27522, 103.84699
6,1.27596, 103.84959
6,1.27852, 103.84981
6,1.28064, 103.85112
6,1.28208, 103.8487
6,1.2835, 103.84643
6,1.28117, 103.84506
6,1.28138, 103.84476
6,1.28049, 103.84395
7,1.27856, 103.84415
7,1.27671, 103.84359
7,1.27568, 103.84343
7,1.27418, 103.84314
7,1.2728, 103.8431
7,1.27273, 103.84568
7,1.27258, 103.84775
7,1.27293, 103.85168
7,1.27596, 103.84959
7,1.27522, 103.84699
7,1.27704, 103.84635
7,1.27907, 103.84521
7,1.27975, 103.84473
8,1.27952, 103.83964
8,1.27753, 103.83703
8,1.27654, 103.83708
8,1.2756, 103.83556
8,1.2763, 103.83528
8,1.27587, 103.82981
8,1.2751, 103.82908
8,1.27259, 103.83235
8,1.26744, 103.83211
8,1.26764, 103.83942
8,1.26159, 103.84597
8,1.26245, 103.84674
8,1.2656, 103.84431
8,1.26685, 103.84573
8,1.26076, 103.85127
8,1.26151, 103.85212
8,1.26305, 103.85073
8,1.26355, 103.85165
8,1.27293, 103.85168
8,1.27258, 103.84775
8,1.27273, 103.84568
8,1.2728, 103.8431
8,1.27418, 103.84314
8,1.27568, 103.84343
8,1.27671, 103.84359
8,1.27856, 103.84415
8,1.27975, 103.84473
8,1.28049, 103.84395
8,1.28098, 103.843
8,1.28142, 103.84318
8,1.28199, 103.84234
8,1.28258, 103.84257
8,1.28293, 103.84213
9,1.27828, 103.82367
9,1.27969, 103.81982
9,1.28049, 103.81771
9,1.27687, 103.81617
9,1.27022, 103.81212
9,1.26762, 103.81078
9,1.26635, 103.80847
9,1.26545, 103.80782
9,1.25975, 103.80664
9,1.25888, 103.80709
9,1.25732, 103.8088
9,1.25652, 103.80901
9,1.23767, 103.83246
9,1.23876, 103.83729
9,1.24479, 103.84416
9,1.25208, 103.84854
9,1.26744, 103.83211
9,1.27259, 103.83235
9,1.2751, 103.82908
10,1.2834, 103.81161
10,1.28381, 103.80147
10,1.28287, 103.80136
10,1.27865, 103.80324
10,1.27532, 103.80196
10,1.27418, 103.80212
10,1.27408, 103.80354
10,1.27348, 103.80403
10,1.27258, 103.80413
10,1.2722, 103.80279
10,1.27013, 103.80279
10,1.26935, 103.80328
10,1.26857, 103.80402
10,1.26583, 103.80659
10,1.26545, 103.80782
10,1.26635, 103.80847
10,1.26762, 103.81078
10,1.27022, 103.81212
10,1.27687, 103.81617
10,1.28049, 103.81771
11,1.29269, 103.78747
11,1.29745, 103.78327
11,1.30419, 103.77125
11,1.30286, 103.77112
11,1.30041, 103.76983
11,1.2941, 103.76932
11,1.28827, 103.76455
11,1.2837, 103.77226
11,1.27847, 103.76913
11,1.2858, 103.75642
11,1.28529, 103.75303
11,1.28055, 103.75016
11,1.26834, 103.77063
11,1.27864, 103.77672
11,1.2728, 103.78659
11,1.25924, 103.77852
11,1.25513, 103.78548
11,1.27049, 103.79535
11,1.26236, 103.80515
11,1.26245, 103.80532
11,1.26259, 103.80542
11,1.263, 103.80549
11,1.26545, 103.80782
11,1.26583, 103.80659
11,1.26857, 103.80402
11,1.26935, 103.80328
11,1.27013, 103.80279
11,1.2722, 103.80279
11,1.27258, 103.80413
11,1.27348, 103.80403
11,1.27408, 103.80354
11,1.27418, 103.80212
11,1.27532, 103.80196
11,1.27865, 103.80324
11,1.28287, 103.80136
11,1.28381, 103.80147
11,1.28381, 103.80147
12,1.29056, 103.7607
12,1.29476, 103.76324
12,1.29471, 103.763
12,1.29516, 103.76276
12,1.29524, 103.76254
12,1.29504, 103.76243
12,1.29494, 103.7623
12,1.29481, 103.76219
12,1.29483, 103.76202
12,1.29491, 103.76194
12,1.2952, 103.76212
12,1.29556, 103.76215
12,1.29569, 103.76207
12,1.29582, 103.76204
12,1.29591, 103.76159
12,1.29598, 103.76149
12,1.29802, 103.75958
12,1.29871, 103.75916
12,1.29914, 103.75876
12,1.30064, 103.75696
12,1.30457, 103.75502
12,1.30751, 103.75376
12,1.30979, 103.75112
12,1.31022, 103.74842
12,1.31142, 103.74764
12,1.31236, 103.74763
12,1.31348, 103.74784
12,1.32031, 103.75159
12,1.32258, 103.75232
12,1.32465, 103.75653
12,1.33482, 103.75998
12,1.33257, 103.76408
12,1.3237, 103.76425
12,1.32243, 103.7676
12,1.33004, 103.7705
12,1.32648, 103.77553
12,1.32534, 103.77474
12,1.32476, 103.77306
12,1.32109, 103.77077
12,1.31858, 103.77125
12,1.31212, 103.77222
12,1.30419, 103.77125
12,1.30286, 103.77112
12,1.30041, 103.76983
12,1.2941, 103.76932
12,1.28827, 103.76455
13,1.31516, 103.7761
13,1.31305, 103.77893
13,1.31116, 103.7846
13,1.30857, 103.78775
13,1.3072, 103.79181
13,1.30024, 103.79539
13,1.29767, 103.79629
13,1.29443, 103.79878
13,1.28966, 103.79897
13,1.28574, 103.79927
13,1.28381, 103.80147
13,1.29269, 103.78747
13,1.29745, 103.78327
13,1.30419, 103.77125
13,1.31212, 103.77222
13,1.31858, 103.77125
14,1.30593, 103.79448
14,1.30726, 103.79602
14,1.3064, 103.79729
14,1.30768, 103.79885
14,1.30912, 103.79968
14,1.30751, 103.80228
14,1.30671, 103.80347
14,1.30654, 103.80787
14,1.30432, 103.80715
14,1.2978, 103.80926
14,1.29675, 103.8109
14,1.29548, 103.813
14,1.2931, 103.81576
14,1.29159, 103.8154
14,1.29258, 103.80926
14,1.29179, 103.80815
14,1.29254, 103.80544
14,1.29012, 103.80398
14,1.28817, 103.80393
14,1.28685, 103.80354
14,1.28966, 103.79897
14,1.29443, 103.79878
14,1.29767, 103.79629
14,1.30024, 103.79539
14,1.3072, 103.79181
15,1.2913, 103.81876
15,1.29246, 103.81882
15,1.29258, 103.82355
15,1.29184, 103.82479
15,1.2906, 103.82615
15,1.28774, 103.82315
15,1.28638, 103.82521
15,1.28195, 103.8238
15,1.28208, 103.82228
15,1.28116, 103.82095
15,1.27969, 103.81982
15,1.28049, 103.81771
15,1.2834, 103.81161
15,1.28381, 103.80147
15,1.28574, 103.79927
15,1.28966, 103.79897
15,1.28685, 103.80354
15,1.28817, 103.80393
15,1.29012, 103.80398
15,1.29254, 103.80544
15,1.29179, 103.80815
15,1.29258, 103.80926
15,1.29159, 103.8154
16,1.29261, 103.82857
16,1.29207, 103.83182
16,1.29221, 103.83354
16,1.29045, 103.83455
16,1.29216, 103.8356
16,1.29147, 103.83583
16,1.29033, 103.83556
16,1.2891, 103.8385
16,1.28926, 103.83937
16,1.29035, 103.84045
16,1.29054, 103.84241
16,1.28859, 103.84132
16,1.28756, 103.84258
16,1.28293, 103.84213
16,1.27952, 103.83964
16,1.27753, 103.83703
16,1.27654, 103.83708
16,1.2756, 103.83556
16,1.2763, 103.83528
16,1.27587, 103.82981
16,1.2751, 103.82908
16,1.27828, 103.82367
16,1.27969, 103.81982
16,1.28116, 103.82095
16,1.28208, 103.82228
16,1.28195, 103.8238
16,1.28638, 103.82521
16,1.28774, 103.82315
16,1.2906, 103.82615
16,1.29184, 103.82479
17,1.29415, 103.84418
17,1.29616, 103.844
17,1.29741, 103.84562
17,1.2973, 103.84885
17,1.298, 103.84818
17,1.29858, 103.84871
17,1.29664, 103.85109
17,1.29598, 103.85055
17,1.29539, 103.85137
17,1.29506, 103.85119
17,1.29437, 103.85264
17,1.29511, 103.85313
17,1.29391, 103.85466
17,1.29254, 103.85372
17,1.29126, 103.85496
17,1.28883, 103.85429
17,1.28735, 103.85339
17,1.28643, 103.85262
17,1.28562, 103.85135
17,1.28623, 103.85004
17,1.28791, 103.84951
17,1.2889, 103.84918
17,1.28946, 103.84844
17,1.28978, 103.8472
17,1.28898, 103.84505
17,1.28932, 103.84445
17,1.29005, 103.84407
17,1.29054, 103.84241
18,1.29951, 103.84938
18,1.29988, 103.84871
18,1.30097, 103.84906
18,1.3008, 103.84987
18,1.30226, 103.85003
18,1.30241, 103.84965
18,1.30397, 103.84981
18,1.30443, 103.85003
18,1.30454, 103.8499
18,1.30511, 103.85032
18,1.30455, 103.8515
18,1.30313, 103.85385
18,1.30405, 103.85639
18,1.30195, 103.85849
18,1.3017, 103.85834
18,1.3007, 103.85915
18,1.30079, 103.85926
18,1.30015, 103.8598
18,1.29981, 103.85939
18,1.29844, 103.86032
18,1.29566, 103.85751
18,1.29126, 103.85496
18,1.29254, 103.85372
18,1.29391, 103.85466
18,1.29511, 103.85313
18,1.29437, 103.85264
18,1.29506, 103.85119
18,1.29539, 103.85137
18,1.29598, 103.85055
18,1.29664, 103.85109
18,1.29858, 103.84871
19,1.30556, 103.85775
19,1.30643, 103.86138
19,1.30595, 103.8626
19,1.30625, 103.86347
19,1.30712, 103.86461
19,1.3072, 103.86505
19,1.307, 103.86512
19,1.30654, 103.86511
19,1.30635, 103.86519
19,1.3052, 103.86623
19,1.30338, 103.86702
19,1.29844, 103.86032
19,1.29981, 103.85939
19,1.30015, 103.8598
19,1.30079, 103.85926
19,1.3007, 103.85915
19,1.3017, 103.85834
19,1.30195, 103.85849
19,1.30405, 103.85639
20,1.31072, 103.86275
20,1.31053, 103.86242
20,1.3112, 103.86187
20,1.3121, 103.86127
20,1.31297, 103.86057
20,1.31268, 103.86027
20,1.31397, 103.86001
20,1.31422, 103.85996
20,1.31434, 103.85958
20,1.31525, 103.85868
20,1.3125, 103.85639
20,1.31133, 103.85579
20,1.31043, 103.85517
20,1.3106, 103.8549
20,1.30969, 103.85414
20,1.30927, 103.85382
20,1.3087, 103.85359
20,1.30584, 103.85171
20,1.30536, 103.8522
20,1.30513, 103.85183
20,1.30455, 103.8515
20,1.30313, 103.85385
20,1.30405, 103.85639
20,1.30556, 103.85775
20,1.30643, 103.86138
20,1.30595, 103.8626
20,1.30625, 103.86347
20,1.30712, 103.86461
21,1.31602, 103.85896
21,1.31755, 103.85574
21,1.31915, 103.85309
21,1.31693, 103.84798
21,1.31549, 103.84621
21,1.31422, 103.84541
21,1.3116, 103.84775
21,1.31091, 103.84829
21,1.30802, 103.84723
21,1.30511, 103.85032
21,1.30455, 103.8515
21,1.30513, 103.85183
21,1.30536, 103.8522
21,1.30584, 103.85171
21,1.3087, 103.85359
21,1.30927, 103.85382
21,1.30969, 103.85414
21,1.3106, 103.8549
21,1.31043, 103.85517
21,1.31133, 103.85579
21,1.3125, 103.85639
21,1.31525, 103.85868
22,1.31059, 103.84429
22,1.30776, 103.84175
22,1.30297, 103.84143
22,1.30112, 103.84364
22,1.30068, 103.84326
22,1.30128, 103.8414
22,1.30179, 103.84008
22,1.30257, 103.84034
22,1.30289, 103.83929
22,1.30373, 103.83625
22,1.30442, 103.83658
22,1.30471, 103.83579
22,1.30414, 103.83542
22,1.30434, 103.83464
22,1.3053, 103.83379
22,1.3065, 103.83098
22,1.30746, 103.82905
22,1.30765, 103.82913
22,1.30796, 103.82861
22,1.30862, 103.82947
22,1.30893, 103.83117
22,1.30965, 103.83124
22,1.309, 103.83358
22,1.31118, 103.83333
22,1.3134, 103.83707
22,1.3131, 103.83888
22,1.31422, 103.84541
23,1.30777, 103.82782
23,1.30717, 103.82782
23,1.30692, 103.8284
23,1.30618, 103.82826
23,1.30557, 103.82885
23,1.30411, 103.82979
23,1.30228, 103.82875
23,1.30212, 103.82899
23,1.30055, 103.82784
23,1.30007, 103.82839
23,1.29913, 103.82988
23,1.29565, 103.83032
23,1.29207, 103.83182
23,1.29221, 103.83354
23,1.29045, 103.83455
23,1.29216, 103.8356
23,1.29147, 103.83583
23,1.29033, 103.83556
23,1.2891, 103.8385
23,1.28926, 103.83937
23,1.29035, 103.84045
23,1.29054, 103.84241
23,1.29415, 103.84418
23,1.29616, 103.844
23,1.29741, 103.84562
23,1.2973, 103.84885
23,1.298, 103.84818
23,1.29858, 103.84871
23,1.29951, 103.84938
23,1.29988, 103.84871
23,1.30097, 103.84906
23,1.3008, 103.84987
23,1.30226, 103.85003
23,1.30241, 103.84965
23,1.30397, 103.84981
23,1.30443, 103.85003
23,1.30454, 103.8499
23,1.30511, 103.85032
23,1.30802, 103.84723
23,1.31091, 103.84829
23,1.3116, 103.84775
23,1.31422, 103.84541
23,1.31059, 103.84429
23,1.30776, 103.84175
23,1.30297, 103.84143
23,1.30112, 103.84364
23,1.30068, 103.84326
23,1.30128, 103.8414
23,1.30179, 103.84008
23,1.30257, 103.84034
23,1.30289, 103.83929
23,1.30373, 103.83625
23,1.30442, 103.83658
23,1.30471, 103.83579
23,1.30414, 103.83542
23,1.30434, 103.83464
23,1.3053, 103.83379
23,1.3065, 103.83098
23,1.30746, 103.82905
23,1.30765, 103.82913
23,1.30796, 103.82861
24,1.30566, 103.82521
24,1.30531, 103.82354
24,1.30448, 103.82217
24,1.30517, 103.81891
24,1.3066, 103.81792
24,1.30654, 103.8133
24,1.30836, 103.80992
24,1.30654, 103.80787
24,1.30432, 103.80715
24,1.2978, 103.80926
24,1.29675, 103.8109
24,1.29548, 103.813
24,1.2931, 103.81576
24,1.29159, 103.8154
24,1.2913, 103.81876
24,1.29246, 103.81882
24,1.29258, 103.82355
24,1.29184, 103.82479
24,1.29261, 103.82857
24,1.29207, 103.83182
24,1.29565, 103.83032
24,1.29913, 103.82988
24,1.30007, 103.82839
24,1.30055, 103.82784
24,1.30212, 103.82899
24,1.30228, 103.82875
24,1.30411, 103.82979
24,1.30557, 103.82885
24,1.30618, 103.82826
24,1.30692, 103.8284
24,1.30717, 103.82782
25,1.31737, 103.83523
25,1.3205, 103.82619
25,1.32274, 103.81899
25,1.3232, 103.81336
25,1.32173, 103.81305
25,1.31987, 103.81129
25,1.31895, 103.80928
25,1.31545, 103.8079
25,1.31137, 103.80517
25,1.31097, 103.80354
25,1.30751, 103.80228
25,1.30671, 103.80347
25,1.30654, 103.80787
25,1.30836, 103.80992
25,1.30654, 103.8133
25,1.3066, 103.81792
25,1.30517, 103.81891
25,1.30448, 103.82217
25,1.30531, 103.82354
25,1.30566, 103.82521
25,1.30717, 103.82782
25,1.30777, 103.82782
25,1.30796, 103.82861
25,1.30862, 103.82947
25,1.30893, 103.83117
25,1.30965, 103.83124
25,1.309, 103.83358
25,1.31118, 103.83333
25,1.3134, 103.83707
25,1.3131, 103.83888
26,1.32343, 103.81157
26,1.32899, 103.80322
26,1.33169, 103.79556
26,1.33005, 103.795
26,1.32982, 103.79611
26,1.32386, 103.79391
26,1.32128, 103.79114
26,1.31697, 103.78973
26,1.31341, 103.79312
26,1.31258, 103.79443
26,1.31249, 103.79522
26,1.31259, 103.79658
26,1.31198, 103.80031
26,1.31227, 103.8024
26,1.31097, 103.80354
26,1.31137, 103.80517
26,1.31545, 103.8079
26,1.31895, 103.80928
26,1.31987, 103.81129
26,1.32173, 103.81305
26,1.3232, 103.81336
27,1.33364, 103.78935
27,1.33235, 103.78879
27,1.33287, 103.78727
27,1.33107, 103.78137
27,1.3233, 103.78175
27,1.32042, 103.78095
27,1.31733, 103.77828
27,1.31516, 103.7761
27,1.31305, 103.77893
27,1.31116, 103.7846
27,1.30857, 103.78775
27,1.3072, 103.79181
27,1.30593, 103.79448
27,1.30726, 103.79602
27,1.3064, 103.79729
27,1.30768, 103.79885
27,1.30912, 103.79968
27,1.30751, 103.80228
27,1.31097, 103.80354
27,1.31227, 103.8024
27,1.31198, 103.80031
27,1.31259, 103.79658
27,1.31249, 103.79522
27,1.31258, 103.79443
27,1.31341, 103.79312
27,1.31697, 103.78973
27,1.32128, 103.79114
27,1.32386, 103.79391
27,1.32982, 103.79611
27,1.33005, 103.795
27,1.33169, 103.79556
28,1.33479, 103.7897
28,1.33664, 103.79026
28,1.34203, 103.78983
28,1.34252, 103.78878
28,1.34691, 103.78917
28,1.34845, 103.7902
28,1.35202, 103.79505
28,1.35071, 103.80028
28,1.34726, 103.80865
28,1.33634, 103.81874
28,1.33198, 103.81743
28,1.33058, 103.81633
28,1.32982, 103.81476
28,1.32819, 103.81394
28,1.3232, 103.81336
28,1.32343, 103.81157
28,1.32899, 103.80322
28,1.33169, 103.79556
28,1.33364, 103.78935
29,1.33972, 103.82046
29,1.34128, 103.82494
29,1.34033, 103.83369
29,1.34184, 103.83643
29,1.34104, 103.83692
29,1.3393, 103.83956
29,1.33924, 103.84136
29,1.33494, 103.84026
29,1.33468, 103.83934
29,1.33393, 103.84147
29,1.33151, 103.84191
29,1.32973, 103.84143
29,1.32736, 103.8415
29,1.32648, 103.84173
29,1.32497, 103.8381
29,1.32383, 103.83458
29,1.32556, 103.83324
29,1.32663, 103.82876
29,1.32606, 103.82777
29,1.32354, 103.82748
29,1.324, 103.82676
29,1.3205, 103.82619
29,1.32274, 103.81899
29,1.3232, 103.81336
29,1.32819, 103.81394
29,1.32982, 103.81476
29,1.33058, 103.81633
29,1.33198, 103.81743
29,1.33634, 103.81874
30,1.32573, 103.84219
30,1.32527, 103.84426
30,1.32509, 103.84574
30,1.32424, 103.84379
30,1.32275, 103.8438
30,1.32125, 103.84371
30,1.3215, 103.84457
30,1.32258, 103.84546
30,1.32215, 103.84682
30,1.32292, 103.8469
30,1.32324, 103.84615
30,1.32601, 103.84733
30,1.32427, 103.85012
30,1.32377, 103.84963
30,1.32287, 103.84914
30,1.32233, 103.85057
30,1.31915, 103.85309
30,1.31693, 103.84798
30,1.31549, 103.84621
30,1.31422, 103.84541
30,1.3131, 103.83888
30,1.31737, 103.83523
30,1.3205, 103.82619
30,1.32354, 103.82748
30,1.324, 103.82676
30,1.32606, 103.82777
30,1.32663, 103.82876
30,1.32556, 103.83324
30,1.32383, 103.83458
30,1.32497, 103.8381
30,1.32648, 103.84173
31,1.32962, 103.84942
31,1.32904, 103.8562
31,1.33056, 103.86217
31,1.3389, 103.86174
31,1.34191, 103.85779
31,1.34325, 103.85748
31,1.34324, 103.8536
31,1.34217, 103.85285
31,1.34221, 103.85168
31,1.34337, 103.8517
31,1.34377, 103.84682
31,1.34382, 103.84455
31,1.3449, 103.84098
31,1.34379, 103.8419
31,1.34226, 103.84216
31,1.34045, 103.84258
31,1.33924, 103.84136
31,1.33494, 103.84026
31,1.33468, 103.83934
31,1.33393, 103.84147
31,1.33151, 103.84191
31,1.32973, 103.84143
32,1.328, 103.86845
32,1.31602, 103.85896
32,1.31755, 103.85574
32,1.31915, 103.85309
32,1.32233, 103.85057
32,1.32287, 103.84914
32,1.32377, 103.84963
32,1.32427, 103.85012
32,1.32601, 103.84733
32,1.32324, 103.84615
32,1.32292, 103.8469
32,1.32215, 103.84682
32,1.32258, 103.84546
32,1.3215, 103.84457
32,1.32125, 103.84371
32,1.32275, 103.8438
32,1.32424, 103.84379
32,1.32509, 103.84574
32,1.32527, 103.84426
32,1.32573, 103.84219
32,1.32648, 103.84173
32,1.32736, 103.8415
32,1.32973, 103.84143
32,1.32962, 103.84942
32,1.32904, 103.8562
32,1.33056, 103.86217
33,1.32697, 103.8703
33,1.32027, 103.87562
33,1.31939, 103.87493
33,1.31883, 103.87257
33,1.31737, 103.87234
33,1.31555, 103.86959
33,1.31331, 103.86903
33,1.31065, 103.87034
33,1.30827, 103.87021
33,1.30521, 103.86779
33,1.3052, 103.86623
33,1.30635, 103.86519
33,1.30654, 103.86511
33,1.307, 103.86512
33,1.3072, 103.86505
33,1.30712, 103.86461
33,1.31072, 103.86275
33,1.31053, 103.86242
33,1.3112, 103.86187
33,1.3121, 103.86127
33,1.31297, 103.86057
33,1.31268, 103.86027
33,1.31397, 103.86001
33,1.31422, 103.85996
33,1.31434, 103.85958
33,1.31525, 103.85868
33,1.31602, 103.85896
33,1.328, 103.86845
34,1.32171, 103.87865
34,1.32267, 103.88128
34,1.32469, 103.88093
34,1.32441, 103.87939
34,1.32481, 103.87846
34,1.32515, 103.8786
34,1.32539, 103.8782
34,1.32648, 103.8791
34,1.32768, 103.88005
34,1.33679, 103.87768
34,1.33753, 103.87683
34,1.33791, 103.87561
34,1.33786, 103.87064
34,1.33485, 103.87008
34,1.328, 103.86845
34,1.32697, 103.8703
34,1.32027, 103.87562
35,1.34334, 103.87057
35,1.34622, 103.87145
35,1.3465, 103.87087
35,1.34812, 103.87105
35,1.34877, 103.86987
35,1.34818, 103.86829
35,1.34866, 103.86693
35,1.34872, 103.86597
35,1.34899, 103.86351
35,1.3485, 103.86271
35,1.34865, 103.86024
35,1.34349, 103.86064
35,1.3389, 103.86174
35,1.33056, 103.86217
35,1.328, 103.86845
35,1.33485, 103.87008
35,1.33786, 103.87064
36,1.34227, 103.87375
36,1.34181, 103.87685
36,1.34301, 103.87856
36,1.34078, 103.88177
36,1.33875, 103.88268
36,1.33831, 103.88321
36,1.33893, 103.88413
36,1.33808, 103.88482
36,1.33753, 103.88504
36,1.33783, 103.88659
36,1.33691, 103.88692
36,1.33668, 103.88659
36,1.33564, 103.88763
36,1.33449, 103.88841
36,1.33301, 103.88888
36,1.33257, 103.88786
36,1.33095, 103.88532
36,1.32737, 103.88473
36,1.32768, 103.88005
36,1.33679, 103.87768
36,1.33753, 103.87683
36,1.33791, 103.87561
36,1.33786, 103.87064
36,1.34334, 103.87057
37,1.33011, 103.88798
37,1.33007, 103.88931
37,1.3271, 103.88954
37,1.32664, 103.88822
37,1.32566, 103.88844
37,1.32277, 103.88916
37,1.32223, 103.88512
37,1.32372, 103.88385
37,1.32737, 103.88473
37,1.33095, 103.88532
38,1.32297, 103.89098
38,1.31808, 103.89185
38,1.31667, 103.89119
38,1.3151, 103.89213
38,1.31461, 103.892
38,1.31341, 103.88551
38,1.31268, 103.8822
38,1.3123, 103.87978
38,1.31224, 103.87893
38,1.31137, 103.87583
38,1.31023, 103.87058
38,1.31065, 103.87034
38,1.31331, 103.86903
38,1.31555, 103.86959
38,1.31737, 103.87234
38,1.31883, 103.87257
38,1.31939, 103.87493
38,1.32027, 103.87562
38,1.32267, 103.88128
38,1.32469, 103.88093
38,1.32441, 103.87939
38,1.32481, 103.87846
38,1.32515, 103.8786
38,1.32539, 103.8782
38,1.32648, 103.8791
38,1.32768, 103.88005
38,1.32737, 103.88473
38,1.32372, 103.88385
38,1.32223, 103.88512
38,1.32277, 103.88916
39,1.31388, 103.89196
39,1.31345, 103.88984
39,1.31202, 103.8901
39,1.31183, 103.88886
39,1.30644, 103.89001
39,1.30532, 103.88449
39,1.30223, 103.88122
39,1.29907, 103.87747
39,1.3007, 103.87279
39,1.30293, 103.87182
39,1.30338, 103.86702
39,1.3052, 103.86623
39,1.30521, 103.86779
39,1.30827, 103.87021
39,1.31065, 103.87034
39,1.31023, 103.87058
39,1.31137, 103.87583
39,1.31224, 103.87893
39,1.3123, 103.87978
39,1.31268, 103.8822
39,1.31341, 103.88551
39,1.31461, 103.892
40,1.33475, 103.89251
40,1.33768, 103.8961
40,1.32845, 103.90557
40,1.32622, 103.90578
40,1.31928, 103.90502
40,1.31899, 103.90395
40,1.31745, 103.90424
40,1.31597, 103.89646
40,1.3151, 103.89213
40,1.31667, 103.89119
40,1.31808, 103.89185
40,1.32297, 103.89098
40,1.32277, 103.88916
40,1.32566, 103.88844
40,1.32664, 103.88822
40,1.3271, 103.88954
40,1.33007, 103.88931
40,1.33011, 103.88798
40,1.33095, 103.88532
40,1.33257, 103.88786
40,1.33301, 103.88888
41,1.34048, 103.89798
41,1.33913, 103.90721
41,1.34438, 103.91284
41,1.34231, 103.91598
41,1.34005, 103.91443
41,1.33892, 103.91256
41,1.33683, 103.91353
41,1.33574, 103.91116
41,1.33497, 103.91138
41,1.3335, 103.90944
41,1.33221, 103.90944
41,1.33207, 103.90883
41,1.33173, 103.90789
41,1.3307, 103.90779
41,1.33036, 103.90875
41,1.3289, 103.90868
41,1.32759, 103.9097
41,1.32879, 103.91171
41,1.3303, 103.91526
41,1.32896, 103.91694
41,1.32842, 103.91718
41,1.32836, 103.91868
41,1.32755, 103.91894
41,1.32577, 103.91772
41,1.3253, 103.91743
41,1.32423, 103.91953
41,1.32147, 103.91955
41,1.32095, 103.91841
41,1.32019, 103.91618
41,1.3196, 103.91631
41,1.31861, 103.91355
41,1.31695, 103.9052
41,1.31606, 103.90213
41,1.31598, 103.89965
41,1.31597, 103.89646
41,1.31745, 103.90424
41,1.31899, 103.90395
41,1.31928, 103.90502
41,1.32622, 103.90578
41,1.32845, 103.90557
41,1.33768, 103.8961
42,1.30962, 103.8992
42,1.30968, 103.89986
42,1.30929, 103.90013
42,1.30896, 103.89949
42,1.30411, 103.90197
42,1.30262, 103.90288
42,1.30312, 103.90427
42,1.30266, 103.90453
42,1.30312, 103.90522
42,1.30381, 103.90483
42,1.30411, 103.90635
42,1.30455, 103.90602
42,1.30498, 103.9067
42,1.30415, 103.90727
42,1.30484, 103.9086
42,1.30551, 103.90997
42,1.30747, 103.91832
42,1.31861, 103.91355
42,1.31695, 103.9052
42,1.31606, 103.90213
42,1.31598, 103.89965
42,1.31597, 103.89646
43,1.30051, 103.90182
43,1.29862, 103.90142
43,1.29656, 103.90211
43,1.29268, 103.89242
43,1.28984, 103.86798
43,1.29525, 103.87137
43,1.29814, 103.87682
43,1.29907, 103.87747
43,1.30223, 103.88122
43,1.30532, 103.88449
43,1.30644, 103.89001
43,1.31183, 103.88886
43,1.31202, 103.8901
43,1.31345, 103.88984
43,1.31388, 103.89196
43,1.31461, 103.892
43,1.3151, 103.89213
43,1.31597, 103.89646
43,1.30962, 103.8992
43,1.30968, 103.89986
43,1.30929, 103.90013
43,1.30896, 103.89949
43,1.30411, 103.90197
43,1.30262, 103.90288
44,1.30878, 103.92587
44,1.31142, 103.93432
44,1.3085, 103.93515
44,1.30744, 103.93439
44,1.30726, 103.93409
44,1.3064, 103.93432
44,1.30589, 103.93394
44,1.30524, 103.93267
44,1.29656, 103.90211
44,1.29862, 103.90142
44,1.30051, 103.90182
44,1.30262, 103.90288
44,1.30312, 103.90427
44,1.30266, 103.90453
44,1.30312, 103.90522
44,1.30381, 103.90483
44,1.30411, 103.90635
44,1.30455, 103.90602
44,1.30498, 103.9067
44,1.30415, 103.90727
44,1.30484, 103.9086
44,1.30551, 103.90997
44,1.30747, 103.91832
45,1.31415, 103.93365
45,1.31511, 103.93338
45,1.31504, 103.93193
45,1.31692, 103.93169
45,1.31733, 103.92906
45,1.31931, 103.92818
45,1.31917, 103.92776
45,1.32135, 103.92674
45,1.32178, 103.92597
45,1.32308, 103.92531
45,1.32278, 103.92334
45,1.32147, 103.91955
45,1.32095, 103.91841
45,1.32019, 103.91618
45,1.3196, 103.91631
45,1.31861, 103.91355
45,1.30747, 103.91832
45,1.30878, 103.92587
45,1.31142, 103.93432
46,1.33542, 103.92802
46,1.33499, 103.93866
46,1.33591, 103.94021
46,1.33521, 103.9436
46,1.33441, 103.94319
46,1.3338, 103.94256
46,1.33313, 103.94175
46,1.33109, 103.94135
46,1.33122, 103.94073
46,1.32905, 103.9413
46,1.32915, 103.94261
46,1.33037, 103.94252
46,1.33055, 103.94412
46,1.33151, 103.94516
46,1.33213, 103.94583
46,1.33195, 103.94708
46,1.33179, 103.94721
46,1.3315, 103.94749
46,1.33207, 103.94838
46,1.33139, 103.9489
46,1.33086, 103.94894
46,1.32936, 103.95008
46,1.32841, 103.94994
46,1.32023, 103.95591
46,1.32184, 103.95963
46,1.3213, 103.96017
46,1.31378, 103.96347
46,1.30524, 103.93267
46,1.30589, 103.93394
46,1.3064, 103.93432
46,1.30726, 103.93409
46,1.30744, 103.93439
46,1.3085, 103.93515
46,1.31142, 103.93432
46,1.31415, 103.93365
46,1.31511, 103.93338
46,1.31504, 103.93193
46,1.31692, 103.93169
46,1.31733, 103.92906
46,1.31931, 103.92818
46,1.31917, 103.92776
46,1.32135, 103.92674
46,1.32178, 103.92597
46,1.32308, 103.92531
46,1.32278, 103.92334
46,1.32147, 103.91955
46,1.32423, 103.91953
46,1.3253, 103.91743
46,1.32577, 103.91772
46,1.32755, 103.91894
46,1.32836, 103.91868
46,1.32842, 103.91718
46,1.32896, 103.91694
46,1.3303, 103.91526
47,1.34827, 103.9248
47,1.34501, 103.92993
47,1.34093, 103.93422
47,1.34438, 103.94063
47,1.34204, 103.94103
47,1.3386, 103.94035
47,1.33591, 103.94021
47,1.33499, 103.93866
47,1.33542, 103.92802
47,1.3303, 103.91526
47,1.32879, 103.91171
47,1.32759, 103.9097
47,1.3289, 103.90868
47,1.33036, 103.90875
47,1.3307, 103.90779
47,1.33173, 103.90789
47,1.33207, 103.90883
47,1.33221, 103.90944
47,1.3335, 103.90944
47,1.33497, 103.91138
47,1.33574, 103.91116
47,1.33683, 103.91353
47,1.33892, 103.91256
47,1.34005, 103.91443
47,1.34231, 103.91598
48,1.34151, 103.94692
48,1.33777, 103.95021
48,1.33958, 103.95385
48,1.34057, 103.95597
48,1.34003, 103.9574
48,1.34075, 103.9592
48,1.3414, 103.96031
48,1.34468, 103.96077
48,1.34613, 103.96128
48,1.34646, 103.96028
48,1.34835, 103.96003
48,1.34836, 103.96584
48,1.3443, 103.9687
48,1.34108, 103.97099
48,1.339, 103.97489
48,1.33686, 103.97881
48,1.33557, 103.97907
48,1.31987, 103.96855
48,1.31378, 103.96347
48,1.3213, 103.96017
48,1.32184, 103.95963
48,1.32023, 103.95591
48,1.32841, 103.94994
48,1.32936, 103.95008
48,1.33086, 103.94894
48,1.33139, 103.9489
48,1.33207, 103.94838
48,1.3315, 103.94749
48,1.33179, 103.94721
48,1.33195, 103.94708
48,1.33213, 103.94583
48,1.33151, 103.94516
48,1.33055, 103.94412
48,1.33037, 103.94252
48,1.32915, 103.94261
48,1.32905, 103.9413
48,1.33122, 103.94073
48,1.33109, 103.94135
48,1.33313, 103.94175
48,1.3338, 103.94256
48,1.33441, 103.94319
48,1.33521, 103.9436
48,1.33591, 103.94021
49,1.35142, 103.96462
49,1.35235, 103.96689
49,1.35335, 103.96662
49,1.35358, 103.96746
49,1.35428, 103.96853
49,1.35376, 103.9747
49,1.35831, 103.97599
49,1.36056, 103.97075
49,1.3618, 103.97184
49,1.36085, 103.974
49,1.36571, 103.97634
49,1.36617, 103.97558
49,1.36728, 103.97649
49,1.36634, 103.97803
49,1.36775, 103.97934
49,1.36913, 103.98219
49,1.38712, 103.991
49,1.38804, 103.98903
49,1.39017, 103.98929
49,1.39272, 103.98642
49,1.39335, 103.98675
49,1.38977, 103.99711
49,1.38433, 103.99559
49,1.34108, 103.97099
49,1.3443, 103.9687
49,1.34836, 103.96584
50,1.36031, 103.96113
50,1.3657, 103.96667
50,1.36785, 103.96506
50,1.36978, 103.9681
50,1.37266, 103.96544
50,1.37298, 103.96422
50,1.37509, 103.96124
50,1.37917, 103.96196
50,1.37737, 103.9577
50,1.37799, 103.95583
50,1.38157, 103.95697
50,1.38216, 103.96757
50,1.38569, 103.96631
50,1.38571, 103.96653
50,1.38325, 103.96743
50,1.38455, 103.96935
50,1.38677, 103.97161
50,1.38756, 103.97204
50,1.39132, 103.97471
50,1.39291, 103.98179
50,1.39261, 103.98514
50,1.39272, 103.98642
50,1.39017, 103.98929
50,1.38804, 103.98903
50,1.38712, 103.991
50,1.36913, 103.98219
50,1.36775, 103.97934
50,1.36634, 103.97803
50,1.36728, 103.97649
50,1.36617, 103.97558
50,1.36571, 103.97634
50,1.36085, 103.974
50,1.3618, 103.97184
50,1.36056, 103.97075
50,1.35831, 103.97599
50,1.35376, 103.9747
50,1.35428, 103.96853
50,1.35358, 103.96746
50,1.35335, 103.96662
50,1.35235, 103.96689
50,1.35142, 103.96462
51,1.36377, 103.95767
51,1.36553, 103.9533
51,1.36732, 103.94632
51,1.37127, 103.94083
51,1.37581, 103.93182
51,1.3777, 103.92671
51,1.37942, 103.92109
51,1.38551, 103.91452
51,1.39023, 103.91688
51,1.39748, 103.92444
51,1.39963, 103.93032
51,1.39714, 103.93401
51,1.38989, 103.93795
51,1.38603, 103.94435
51,1.38296, 103.95019
51,1.38157, 103.95697
51,1.37799, 103.95583
51,1.37737, 103.9577
51,1.37917, 103.96196
51,1.37509, 103.96124
51,1.37298, 103.96422
51,1.37266, 103.96544
51,1.36978, 103.9681
51,1.36785, 103.96506
51,1.3657, 103.96667
51,1.36031, 103.96113
52,1.34728, 103.91585
52,1.36835, 103.92431
52,1.3732, 103.92027
52,1.37955, 103.91899
52,1.37942, 103.92109
52,1.3777, 103.92671
52,1.37581, 103.93182
52,1.37127, 103.94083
52,1.36732, 103.94632
52,1.36553, 103.9533
52,1.36377, 103.95767
52,1.36031, 103.96113
52,1.35142, 103.96462
52,1.34836, 103.96584
52,1.34835, 103.96003
52,1.34646, 103.96028
52,1.34613, 103.96128
52,1.34468, 103.96077
52,1.3414, 103.96031
52,1.34075, 103.9592
52,1.34003, 103.9574
52,1.34057, 103.95597
52,1.33958, 103.95385
52,1.33777, 103.95021
52,1.34151, 103.94692
52,1.33591, 103.94021
52,1.3386, 103.94035
52,1.34204, 103.94103
52,1.34438, 103.94063
52,1.34093, 103.93422
52,1.34501, 103.92993
52,1.34827, 103.9248
52,1.34231, 103.91598
52,1.34438, 103.91284
53,1.34576, 103.87261
53,1.34584, 103.87327
53,1.34629, 103.87373
53,1.34598, 103.8754
53,1.34676, 103.87749
53,1.34803, 103.87726
53,1.34921, 103.87623
53,1.35022, 103.87517
53,1.35064, 103.87479
53,1.34996, 103.87387
53,1.3506, 103.87335
53,1.35114, 103.87428
53,1.35134, 103.8749
53,1.35391, 103.87799
53,1.35429, 103.8776
53,1.35593, 103.87937
53,1.3554, 103.87992
53,1.35553, 103.88009
53,1.35599, 103.8796
53,1.35777, 103.88134
53,1.35815, 103.88094
53,1.35939, 103.88226
53,1.35844, 103.88327
53,1.35941, 103.88426
53,1.35971, 103.8839
53,1.36029, 103.88449
53,1.36142, 103.88596
53,1.36244, 103.887
53,1.3631, 103.88772
53,1.36353, 103.88814
53,1.36446, 103.88729
53,1.36527, 103.88581
53,1.3658, 103.88641
53,1.36664, 103.88569
53,1.36769, 103.88544
53,1.36833, 103.88445
53,1.37017, 103.87714
53,1.37144, 103.87692
53,1.37138, 103.87891
53,1.37241, 103.87927
53,1.37319, 103.87938
53,1.37373, 103.87718
53,1.37967, 103.87736
53,1.38245, 103.87853
53,1.38328, 103.87919
53,1.38283, 103.87981
53,1.38605, 103.88236
53,1.38208, 103.88858
53,1.38026, 103.89075
53,1.38007, 103.89279
53,1.37999, 103.89513
53,1.37942, 103.89691
53,1.38036, 103.9036
53,1.38041, 103.9048
53,1.38392, 103.9059
53,1.38515, 103.90991
53,1.38474, 103.91315
53,1.38551, 103.91452
53,1.37942, 103.92109
53,1.37955, 103.91899
53,1.3732, 103.92027
53,1.36835, 103.92431
53,1.34728, 103.91585
53,1.34438, 103.91284
53,1.33913, 103.90721
53,1.34048, 103.89798
53,1.33768, 103.8961
53,1.33475, 103.89251
53,1.33301, 103.88888
53,1.33449, 103.88841
53,1.33564, 103.88763
53,1.33668, 103.88659
53,1.33691, 103.88692
53,1.33783, 103.88659
53,1.33753, 103.88504
53,1.33808, 103.88482
53,1.33893, 103.88413
53,1.33831, 103.88321
53,1.33875, 103.88268
53,1.34078, 103.88177
53,1.34301, 103.87856
53,1.34181, 103.87685
53,1.34227, 103.87375
53,1.34334, 103.87057
53,1.34622, 103.87145
54,1.35199, 103.87376
54,1.35489, 103.87431
54,1.35554, 103.87346
54,1.35837, 103.87411
54,1.36246, 103.87327
54,1.3629, 103.87263
54,1.36398, 103.87342
54,1.36625, 103.87434
54,1.36623, 103.87508
54,1.36786, 103.87589
54,1.37009, 103.87624
54,1.37588, 103.87689
54,1.37893, 103.87695
54,1.38309, 103.87706
54,1.38502, 103.87847
54,1.38613, 103.88045
54,1.38785, 103.88071
54,1.39038, 103.88191
54,1.39313, 103.88186
54,1.39488, 103.88461
54,1.39792, 103.88624
54,1.40116, 103.88729
54,1.3997, 103.89594
54,1.39668, 103.90349
54,1.39204, 103.90869
54,1.38551, 103.91452
54,1.38474, 103.91315
54,1.38515, 103.90991
54,1.38392, 103.9059
54,1.38041, 103.9048
54,1.38036, 103.9036
54,1.37942, 103.89691
54,1.37999, 103.89513
54,1.38007, 103.89279
54,1.38026, 103.89075
54,1.38208, 103.88858
54,1.38605, 103.88236
54,1.38283, 103.87981
54,1.38328, 103.87919
54,1.38245, 103.87853
54,1.37967, 103.87736
54,1.37373, 103.87718
54,1.37319, 103.87938
54,1.37241, 103.87927
54,1.37138, 103.87891
54,1.37144, 103.87692
54,1.37017, 103.87714
54,1.36833, 103.88445
54,1.36769, 103.88544
54,1.36664, 103.88569
54,1.3658, 103.88641
54,1.36527, 103.88581
54,1.36446, 103.88729
54,1.36353, 103.88814
54,1.3631, 103.88772
54,1.36244, 103.887
54,1.36142, 103.88596
54,1.36029, 103.88449
54,1.35971, 103.8839
54,1.35941, 103.88426
54,1.35844, 103.88327
54,1.35939, 103.88226
54,1.35815, 103.88094
54,1.35777, 103.88134
54,1.35599, 103.8796
54,1.35553, 103.88009
54,1.3554, 103.87992
54,1.35593, 103.87937
54,1.35429, 103.8776
54,1.35391, 103.87799
54,1.35134, 103.8749
54,1.35114, 103.87428
55,1.34866, 103.85852
55,1.35556, 103.8568
55,1.36316, 103.85921
55,1.36938, 103.86084
55,1.37103, 103.8652
55,1.37182, 103.86696
55,1.37447, 103.86685
55,1.37591, 103.86771
55,1.37648, 103.86969
55,1.37652, 103.87165
55,1.37712, 103.87416
55,1.37719, 103.87657
55,1.37588, 103.87689
55,1.37009, 103.87624
55,1.36786, 103.87589
55,1.36623, 103.87508
55,1.36625, 103.87434
55,1.36398, 103.87342
55,1.3629, 103.87263
55,1.36246, 103.87327
55,1.35837, 103.87411
55,1.35554, 103.87346
55,1.35489, 103.87431
55,1.35199, 103.87376
55,1.35114, 103.87428
55,1.3506, 103.87335
55,1.34996, 103.87387
55,1.35064, 103.87479
55,1.35022, 103.87517
55,1.34921, 103.87623
55,1.34803, 103.87726
55,1.34676, 103.87749
55,1.34598, 103.8754
55,1.34629, 103.87373
55,1.34584, 103.87327
55,1.34576, 103.87261
55,1.34622, 103.87145
55,1.3465, 103.87087
55,1.34812, 103.87105
55,1.34877, 103.86987
55,1.34818, 103.86829
55,1.34866, 103.86693
55,1.34872, 103.86597
55,1.34899, 103.86351
55,1.3485, 103.86271
55,1.34865, 103.86024
55,1.34349, 103.86064
56,1.35684, 103.85462
56,1.36027, 103.85226
56,1.35703, 103.85024
56,1.36059, 103.84606
56,1.36191, 103.84447
56,1.3627, 103.84247
56,1.36318, 103.83962
56,1.36391, 103.83679
56,1.3657, 103.83323
56,1.36694, 103.83074
56,1.36717, 103.82829
56,1.36985, 103.82867
56,1.37006, 103.83182
56,1.37047, 103.83178
56,1.3736, 103.83255
56,1.37498, 103.83264
56,1.3757, 103.83266
56,1.37636, 103.8333
56,1.37762, 103.83318
56,1.37747, 103.83506
56,1.37851, 103.83608
56,1.38093, 103.8343
56,1.38387, 103.83738
56,1.38506, 103.84069
56,1.38577, 103.84245
56,1.38776, 103.84163
56,1.39081, 103.84564
56,1.39218, 103.84843
56,1.39242, 103.85021
56,1.38761, 103.84989
56,1.3878, 103.85438
56,1.38641, 103.8559
56,1.38489, 103.85676
56,1.385, 103.85834
56,1.37669, 103.85843
56,1.37837, 103.86496
56,1.37893, 103.87695
56,1.37588, 103.87689
56,1.37719, 103.87657
56,1.37712, 103.87416
56,1.37652, 103.87165
56,1.37648, 103.86969
56,1.37591, 103.86771
56,1.37447, 103.86685
56,1.37182, 103.86696
56,1.37103, 103.8652
56,1.36938, 103.86084
56,1.36316, 103.85921
56,1.35556, 103.8568
57,1.35503, 103.7973
57,1.36633, 103.80925
57,1.37775, 103.82794
57,1.37837, 103.83084
57,1.37927, 103.83138
57,1.38017, 103.8334
57,1.38093, 103.8343
57,1.37851, 103.83608
57,1.37747, 103.83506
57,1.37762, 103.83318
57,1.37636, 103.8333
57,1.3757, 103.83266
57,1.37498, 103.83264
57,1.3736, 103.83255
57,1.37047, 103.83178
57,1.37006, 103.83182
57,1.36985, 103.82867
57,1.36717, 103.82829
57,1.36694, 103.83074
57,1.3657, 103.83323
57,1.36391, 103.83679
57,1.36318, 103.83962
57,1.3627, 103.84247
57,1.36191, 103.84447
57,1.36059, 103.84606
57,1.35703, 103.85024
57,1.36027, 103.85226
57,1.35684, 103.85462
57,1.35556, 103.8568
57,1.34866, 103.85852
57,1.34349, 103.86064
57,1.3389, 103.86174
57,1.34191, 103.85779
57,1.34325, 103.85748
57,1.34324, 103.8536
57,1.34217, 103.85285
57,1.34221, 103.85168
57,1.34337, 103.8517
57,1.34377, 103.84682
57,1.34382, 103.84455
57,1.3449, 103.84098
57,1.34379, 103.8419
57,1.34226, 103.84216
57,1.34045, 103.84258
57,1.33924, 103.84136
57,1.3393, 103.83956
57,1.34104, 103.83692
57,1.34184, 103.83643
57,1.34033, 103.83369
57,1.34128, 103.82494
57,1.33972, 103.82046
57,1.33634, 103.81874
57,1.34726, 103.80865
57,1.35071, 103.80028
57,1.35202, 103.79505
58,1.33419, 103.78256
58,1.33579, 103.7835
58,1.33748, 103.77879
58,1.33829, 103.77672
58,1.33895, 103.77599
58,1.33953, 103.77546
58,1.3402, 103.77593
58,1.34078, 103.77536
58,1.34192, 103.77565
58,1.34398, 103.77502
58,1.34382, 103.77456
58,1.34429, 103.77428
58,1.34469, 103.77403
58,1.34589, 103.77182
58,1.34621, 103.77062
58,1.34743, 103.76988
58,1.34844, 103.77065
58,1.34913, 103.77022
58,1.35327, 103.76864
58,1.35348, 103.769
58,1.3532, 103.77807
58,1.35636, 103.7853
58,1.35795, 103.79384
58,1.36633, 103.80925
58,1.35503, 103.7973
58,1.35202, 103.79505
58,1.34845, 103.7902
58,1.34691, 103.78917
58,1.34252, 103.78878
58,1.34203, 103.78983
58,1.33664, 103.79026
58,1.33479, 103.7897
58,1.33364, 103.78935
58,1.33235, 103.78879
58,1.33287, 103.78727
58,1.33107, 103.78137
59,1.32937, 103.75467
59,1.33229, 103.75592
59,1.3354, 103.75959
59,1.3376, 103.76055
59,1.33803, 103.76199
59,1.33908, 103.76264
59,1.33962, 103.76479
59,1.34183, 103.76511
59,1.34232, 103.76693
59,1.34285, 103.76696
59,1.34374, 103.7657
59,1.34488, 103.7651
59,1.34535, 103.76401
59,1.34601, 103.76419
59,1.34679, 103.76365
59,1.3471, 103.76472
59,1.34635, 103.76508
59,1.34622, 103.76626
59,1.35114, 103.7671
59,1.35187, 103.76606
59,1.35446, 103.76578
59,1.35681, 103.76456
59,1.35788, 103.7632
59,1.35888, 103.76376
59,1.35869, 103.76691
59,1.35565, 103.76868
59,1.35348, 103.769
59,1.35327, 103.76864
59,1.34913, 103.77022
59,1.34844, 103.77065
59,1.34743, 103.76988
59,1.34621, 103.77062
59,1.34589, 103.77182
59,1.34469, 103.77403
59,1.34429, 103.77428
59,1.34382, 103.77456
59,1.34398, 103.77502
59,1.34192, 103.77565
59,1.34078, 103.77536
59,1.3402, 103.77593
59,1.33953, 103.77546
59,1.33895, 103.77599
59,1.33829, 103.77672
59,1.33748, 103.77879
59,1.33579, 103.7835
59,1.33419, 103.78256
59,1.33107, 103.78137
59,1.3233, 103.78175
59,1.32042, 103.78095
59,1.31733, 103.77828
59,1.31516, 103.7761
59,1.31858, 103.77125
59,1.32109, 103.77077
59,1.32476, 103.77306
59,1.32534, 103.77474
59,1.32648, 103.77553
59,1.33004, 103.7705
59,1.32243, 103.7676
59,1.3237, 103.76425
59,1.33257, 103.76408
59,1.33482, 103.75998
59,1.32465, 103.75653
60,1.34177, 103.74889
60,1.34595, 103.73733
60,1.35342, 103.72831
60,1.34328, 103.72832
60,1.34296, 103.73008
60,1.34026, 103.73092
60,1.33955, 103.73182
60,1.33842, 103.73237
60,1.33704, 103.73333
60,1.33559, 103.73356
60,1.33138, 103.73421
60,1.32843, 103.73288
60,1.32585, 103.73396
60,1.31974, 103.7323
60,1.31082, 103.72698
60,1.30138, 103.7293
60,1.29623, 103.74921
60,1.29732, 103.75602
60,1.29871, 103.75916
60,1.29914, 103.75876
60,1.30064, 103.75696
60,1.30457, 103.75502
60,1.30751, 103.75376
60,1.30979, 103.75112
60,1.31022, 103.74842
60,1.31142, 103.74764
60,1.31236, 103.74763
60,1.31348, 103.74784
60,1.32031, 103.75159
60,1.32258, 103.75232
60,1.32465, 103.75653
60,1.32937, 103.75467
60,1.33229, 103.75592
60,1.3354, 103.75959
61,1.30009, 103.72786
61,1.29949, 103.71145
61,1.3017, 103.70492
61,1.30998, 103.70467
61,1.31186, 103.70336
61,1.31488, 103.70259
61,1.31608, 103.70368
61,1.31665, 103.70949
61,1.32148, 103.71011
61,1.32679, 103.70874
61,1.32649, 103.70711
61,1.32781, 103.70686
61,1.32783, 103.70518
61,1.33066, 103.70598
61,1.33152, 103.70821
61,1.33406, 103.7087
61,1.33459, 103.7075
61,1.33817, 103.70873
61,1.33831, 103.70975
61,1.34042, 103.70941
61,1.3412, 103.70911
61,1.34174, 103.71074
61,1.34111, 103.71103
61,1.34256, 103.71531
61,1.33965, 103.71634
61,1.3425, 103.72058
61,1.3427, 103.72205
61,1.34328, 103.72832
61,1.34296, 103.73008
61,1.34026, 103.73092
61,1.33955, 103.73182
61,1.33842, 103.73237
61,1.33704, 103.73333
61,1.33559, 103.73356
61,1.33138, 103.73421
61,1.32843, 103.73288
61,1.32585, 103.73396
61,1.31974, 103.7323
61,1.31082, 103.72698
61,1.30138, 103.7293
62,1.33451, 103.7046
62,1.33484, 103.69184
62,1.32974, 103.68741
62,1.33042, 103.676
62,1.33013, 103.67242
62,1.32805, 103.66797
62,1.32608, 103.6657
62,1.32282, 103.66338
62,1.32151, 103.6665
62,1.31964, 103.66639
62,1.31932, 103.6639
62,1.31986, 103.66202
62,1.31932, 103.66144
62,1.3196, 103.66085
62,1.31458, 103.65588
62,1.31305, 103.65737
62,1.31146, 103.65619
62,1.31006, 103.6574
62,1.30153, 103.64946
62,1.29573, 103.65491
62,1.26849, 103.65358
62,1.22155, 103.67267
62,1.25011, 103.69668
62,1.26253, 103.72992
62,1.27197, 103.74011
62,1.27793, 103.736
62,1.28759, 103.72535
62,1.29058, 103.71312
62,1.29949, 103.71145
62,1.3017, 103.70492
62,1.30998, 103.70467
62,1.31186, 103.70336
62,1.31488, 103.70259
62,1.31608, 103.70368
62,1.31665, 103.70949
62,1.32148, 103.71011
62,1.32679, 103.70874
62,1.32649, 103.70711
62,1.32781, 103.70686
62,1.32783, 103.70518
62,1.33066, 103.70598
62,1.33152, 103.70821
62,1.33406, 103.7087
62,1.33459, 103.7075
63,1.26538, 103.64201
63,1.21012, 103.64398
63,1.22007, 103.60485
63,1.26538, 103.60622
63,1.29524, 103.61686
63,1.34947, 103.63437
63,1.37418, 103.65085
63,1.37903, 103.6736
63,1.36076, 103.68407
63,1.35621, 103.69265
63,1.35494, 103.69759
63,1.34623, 103.69046
63,1.3395, 103.68205
63,1.33473, 103.68484
63,1.32974, 103.68741
63,1.33042, 103.676
63,1.33013, 103.67242
63,1.32805, 103.66797
63,1.32608, 103.6657
63,1.32282, 103.66338
63,1.32151, 103.6665
63,1.31964, 103.66639
63,1.31932, 103.6639
63,1.31986, 103.66202
63,1.31932, 103.66144
63,1.3196, 103.66085
63,1.31458, 103.65588
63,1.31305, 103.65737
63,1.31146, 103.65619
63,1.31006, 103.6574
63,1.30153, 103.64946
63,1.29573, 103.65491
63,1.26849, 103.65358
64,1.36447, 103.70625
64,1.37058, 103.722
64,1.3774, 103.73085
64,1.3662, 103.73454
64,1.35342, 103.72831
64,1.34328, 103.72832
64,1.3427, 103.72205
64,1.3425, 103.72058
64,1.33965, 103.71634
64,1.34256, 103.71531
64,1.34111, 103.71103
64,1.34174, 103.71074
64,1.3412, 103.70911
64,1.34042, 103.70941
64,1.33831, 103.70975
64,1.33817, 103.70873
64,1.33459, 103.7075
64,1.33451, 103.7046
64,1.33484, 103.69184
64,1.32974, 103.68741
64,1.33473, 103.68484
64,1.3395, 103.68205
64,1.34623, 103.69046
64,1.35494, 103.69759
65,1.37365, 103.7525
65,1.36687, 103.75576
65,1.35775, 103.75406
65,1.35727, 103.75604
65,1.35483, 103.75561
65,1.35255, 103.7557
65,1.3526, 103.75971
65,1.35187, 103.76606
65,1.35114, 103.7671
65,1.34622, 103.76626
65,1.34635, 103.76508
65,1.3471, 103.76472
65,1.34679, 103.76365
65,1.34601, 103.76419
65,1.34535, 103.76401
65,1.34488, 103.7651
65,1.34374, 103.7657
65,1.34285, 103.76696
65,1.34232, 103.76693
65,1.34183, 103.76511
65,1.33962, 103.76479
65,1.33908, 103.76264
65,1.33803, 103.76199
65,1.3376, 103.76055
65,1.3354, 103.75959
65,1.34177, 103.74889
65,1.34595, 103.73733
65,1.35342, 103.72831
65,1.3662, 103.73454
66,1.37672, 103.75444
66,1.37792, 103.75745
66,1.37742, 103.7576
66,1.37849, 103.76018
66,1.37101, 103.76307
66,1.36449, 103.76732
66,1.36076, 103.76668
66,1.35869, 103.76691
66,1.35888, 103.76376
66,1.35788, 103.7632
66,1.35681, 103.76456
66,1.35446, 103.76578
66,1.35187, 103.76606
66,1.3526, 103.75971
66,1.35255, 103.7557
66,1.35483, 103.75561
66,1.35727, 103.75604
66,1.35775, 103.75406
66,1.36687, 103.75576
66,1.37365, 103.7525
67,1.38527, 103.75694
67,1.38894, 103.75509
67,1.39477, 103.75385
67,1.39587, 103.75295
67,1.39801, 103.75261
67,1.3985, 103.75295
67,1.39839, 103.75513
67,1.40438, 103.75628
67,1.40369, 103.75854
67,1.40507, 103.77239
67,1.36423, 103.77994
67,1.35636, 103.7853
67,1.3532, 103.77807
67,1.35348, 103.769
67,1.35565, 103.76868
67,1.35869, 103.76691
67,1.36076, 103.76668
67,1.36449, 103.76732
67,1.37101, 103.76307
67,1.37849, 103.76018
68,1.3801, 103.73282
68,1.39006, 103.73426
68,1.39572, 103.73587
68,1.40096, 103.73338
68,1.40831, 103.72964
68,1.4111, 103.73059
68,1.41415, 103.73291
68,1.41629, 103.73565
68,1.41822, 103.73921
68,1.42064, 103.73944
68,1.41361, 103.742
68,1.40881, 103.74162
68,1.40645, 103.74325
68,1.40537, 103.74599
68,1.40383, 103.7528
68,1.40012, 103.75212
68,1.39801, 103.75261
68,1.39587, 103.75295
68,1.39477, 103.75385
68,1.38894, 103.75509
68,1.38527, 103.75694
68,1.37849, 103.76018
68,1.37742, 103.7576
68,1.37792, 103.75745
68,1.37672, 103.75444
68,1.37365, 103.7525
68,1.3662, 103.73454
68,1.3774, 103.73085
69,1.38255, 103.68716
69,1.38255, 103.69711
69,1.37391, 103.6952
69,1.37236, 103.70443
69,1.37047, 103.70791
69,1.37305, 103.71203
69,1.3738, 103.71486
69,1.38, 103.71688
69,1.38107, 103.71984
69,1.38457, 103.71945
69,1.38654, 103.721
69,1.39212, 103.72074
69,1.39613, 103.72632
69,1.40098, 103.72645
69,1.40407, 103.72876
69,1.40831, 103.72964
69,1.40096, 103.73338
69,1.39572, 103.73587
69,1.39006, 103.73426
69,1.3801, 103.73282
69,1.3774, 103.73085
69,1.37058, 103.722
69,1.36447, 103.70625
69,1.35494, 103.69759
69,1.35621, 103.69265
69,1.36076, 103.68407
69,1.37903, 103.6736
70,1.40559, 103.66244
70,1.42498, 103.67403
70,1.43099, 103.68347
70,1.41297, 103.70424
70,1.41254, 103.71514
70,1.40988, 103.72557
70,1.40831, 103.72964
70,1.40407, 103.72876
70,1.40098, 103.72645
70,1.39613, 103.72632
70,1.39212, 103.72074
70,1.38654, 103.721
70,1.38457, 103.71945
70,1.38107, 103.71984
70,1.38, 103.71688
70,1.3738, 103.71486
70,1.37305, 103.71203
70,1.37047, 103.70791
70,1.37236, 103.70443
70,1.37391, 103.6952
70,1.38255, 103.69711
70,1.38255, 103.68716
70,1.37903, 103.6736
70,1.37418, 103.65085
71,1.42129, 103.73604
71,1.43356, 103.73844
71,1.43556, 103.73799
71,1.4386, 103.7325
71,1.44329, 103.73273
71,1.4464, 103.73294
71,1.4495, 103.73046
71,1.45139, 103.72432
71,1.45057, 103.71746
71,1.44821, 103.7108
71,1.44585, 103.70643
71,1.43603, 103.69664
71,1.43099, 103.68347
71,1.41297, 103.70424
71,1.41254, 103.71514
71,1.40988, 103.72557
71,1.40831, 103.72964
71,1.4111, 103.73059
71,1.41415, 103.73291
71,1.41629, 103.73565
71,1.41822, 103.73921
71,1.42064, 103.73944
72,1.42841, 103.74642
72,1.43197, 103.74602
72,1.43622, 103.74361
72,1.43729, 103.7454
72,1.43404, 103.75239
72,1.43063, 103.75136
72,1.41138, 103.75479
72,1.41196, 103.76016
72,1.41072, 103.76312
72,1.41007, 103.77174
72,1.41091, 103.78318
72,1.41464, 103.8026
72,1.40718, 103.80372
72,1.40147, 103.79668
72,1.39872, 103.78947
72,1.40507, 103.77239
72,1.40369, 103.75854
72,1.40438, 103.75628
72,1.39839, 103.75513
72,1.3985, 103.75295
72,1.40012, 103.75212
72,1.40383, 103.7528
72,1.40537, 103.74599
72,1.40645, 103.74325
72,1.40881, 103.74162
72,1.41361, 103.742
72,1.42064, 103.73944
72,1.42129, 103.73604
72,1.43356, 103.73844
73,1.44036, 103.74389
73,1.43839, 103.75389
73,1.43822, 103.76119
73,1.44362, 103.76518
73,1.44643, 103.76734
73,1.44757, 103.76877
73,1.44873, 103.77107
73,1.45004, 103.77311
73,1.45083, 103.77484
73,1.45129, 103.77676
73,1.4516, 103.78008
73,1.45107, 103.78145
73,1.45023, 103.78061
73,1.44864, 103.78058
73,1.44643, 103.78305
73,1.44757, 103.78471
73,1.44608, 103.78497
73,1.44466, 103.78782
73,1.44372, 103.78826
73,1.44575, 103.79126
73,1.4461, 103.79245
73,1.4488, 103.79974
73,1.45048, 103.79883
73,1.45139, 103.80086
73,1.45265, 103.80194
73,1.45333, 103.8017
73,1.45911, 103.81126
73,1.45338, 103.81301
73,1.44463, 103.81183
73,1.44103, 103.81118
73,1.42275, 103.79522
73,1.41464, 103.8026
73,1.41091, 103.78318
73,1.41007, 103.77174
73,1.41072, 103.76312
73,1.41196, 103.76016
73,1.41138, 103.75479
73,1.43063, 103.75136
73,1.43404, 103.75239
73,1.43729, 103.7454
73,1.43622, 103.74361
73,1.43197, 103.74602
73,1.42841, 103.74642
73,1.43356, 103.73844
73,1.43556, 103.73799
73,1.4386, 103.7325
73,1.44329, 103.73273
73,1.4464, 103.73294
74,1.44079, 103.81805
74,1.43607, 103.82256
74,1.43504, 103.82449
74,1.42824, 103.82427
74,1.42505, 103.82322
74,1.42513, 103.82204
74,1.42208, 103.82065
74,1.42146, 103.81719
74,1.42033, 103.81127
74,1.41464, 103.8026
74,1.42275, 103.79522
74,1.44103, 103.81118
74,1.44463, 103.81183
75,1.46844, 103.80153
75,1.47076, 103.80882
75,1.469, 103.82247
75,1.46827, 103.82758
75,1.45909, 103.84483
75,1.45126, 103.83273
75,1.44547, 103.83633
75,1.44161, 103.83037
75,1.43806, 103.82924
75,1.43653, 103.82793
75,1.4354, 103.82596
75,1.43292, 103.82663
75,1.43015, 103.82685
75,1.42612, 103.82637
75,1.4247, 103.82556
75,1.41374, 103.8232
75,1.41353, 103.81526
75,1.41546, 103.80938
75,1.41464, 103.8026
75,1.42033, 103.81127
75,1.42146, 103.81719
75,1.42208, 103.82065
75,1.42513, 103.82204
75,1.42505, 103.82322
75,1.42824, 103.82427
75,1.43504, 103.82449
75,1.43607, 103.82256
75,1.44079, 103.81805
75,1.44463, 103.81183
75,1.45338, 103.81301
75,1.45911, 103.81126
75,1.45333, 103.8017
75,1.45265, 103.80194
75,1.45139, 103.80086
75,1.45048, 103.79883
75,1.4488, 103.79974
75,1.4461, 103.79245
75,1.44575, 103.79126
75,1.44372, 103.78826
75,1.44466, 103.78782
75,1.44608, 103.78497
75,1.44757, 103.78471
75,1.44643, 103.78305
75,1.44864, 103.78058
75,1.45023, 103.78061
75,1.45107, 103.78145
75,1.4516, 103.78008
75,1.45129, 103.77676
76,1.44221, 103.84067
76,1.43942, 103.84457
76,1.4356, 103.84616
76,1.42749, 103.85478
76,1.42444, 103.85925
76,1.42221, 103.85639
76,1.41951, 103.85399
76,1.41578, 103.85227
76,1.41119, 103.84944
76,1.40823, 103.84571
76,1.4075, 103.84249
76,1.409, 103.83953
76,1.40954, 103.83541
76,1.40891, 103.82966
76,1.4102, 103.82919
76,1.41374, 103.8232
76,1.4247, 103.82556
76,1.42612, 103.82637
76,1.43015, 103.82685
76,1.43292, 103.82663
76,1.4354, 103.82596
76,1.43653, 103.82793
76,1.43806, 103.82924
76,1.44161, 103.83037
76,1.44547, 103.83633
77,1.40679, 103.82118
77,1.40078, 103.81796
77,1.40046, 103.81727
77,1.39758, 103.81789
77,1.39676, 103.81868
77,1.39425, 103.81892
77,1.38854, 103.81859
77,1.37775, 103.82794
77,1.36633, 103.80925
77,1.35795, 103.79384
77,1.35636, 103.7853
77,1.36423, 103.77994
77,1.40507, 103.77239
77,1.39872, 103.78947
77,1.40147, 103.79668
77,1.40718, 103.80372
77,1.41464, 103.8026
77,1.41546, 103.80938
77,1.41353, 103.81526
77,1.41374, 103.8232
78,1.40696, 103.85017
78,1.40306, 103.85326
78,1.39752, 103.85322
78,1.39242, 103.85021
78,1.39218, 103.84843
78,1.39081, 103.84564
78,1.38776, 103.84163
78,1.38577, 103.84245
78,1.38506, 103.84069
78,1.38387, 103.83738
78,1.38093, 103.8343
78,1.38017, 103.8334
78,1.37927, 103.83138
78,1.37837, 103.83084
78,1.37775, 103.82794
78,1.38854, 103.81859
78,1.39425, 103.81892
78,1.39676, 103.81868
78,1.39758, 103.81789
78,1.40046, 103.81727
78,1.40078, 103.81796
78,1.40679, 103.82118
78,1.41374, 103.8232
78,1.4102, 103.82919
78,1.40891, 103.82966
78,1.40954, 103.83541
78,1.409, 103.83953
78,1.4075, 103.84249
78,1.40823, 103.84571
79,1.42781, 103.86895
79,1.4321, 103.87538
79,1.43142, 103.87925
79,1.42052, 103.89719
79,1.41837, 103.89796
79,1.41194, 103.895
79,1.4067, 103.89122
79,1.40116, 103.88729
79,1.39792, 103.88624
79,1.39488, 103.88461
79,1.39313, 103.88186
79,1.39038, 103.88191
79,1.38785, 103.88071
79,1.38613, 103.88045
79,1.38502, 103.87847
79,1.38309, 103.87706
79,1.38512, 103.87592
79,1.38723, 103.87309
79,1.39109, 103.85807
79,1.39637, 103.85751
79,1.39752, 103.85322
79,1.40306, 103.85326
79,1.40696, 103.85017
79,1.40823, 103.84571
79,1.41119, 103.84944
79,1.41578, 103.85227
79,1.41951, 103.85399
79,1.42221, 103.85639
79,1.42444, 103.85925
80,1.39109, 103.85807
80,1.38723, 103.87309
80,1.38512, 103.87592
80,1.38309, 103.87706
80,1.37893, 103.87695
80,1.37837, 103.86496
80,1.37669, 103.85843
80,1.385, 103.85834
80,1.38489, 103.85676
80,1.38641, 103.8559
80,1.3878, 103.85438
80,1.38761, 103.84989
80,1.39242, 103.85021
80,1.39752, 103.85322
80,1.39637, 103.85751
81,1.37333, 104.00894
81,1.35994, 104.03477
81,1.31155, 104.03263
81,1.31, 104.00147
81,1.31378, 103.96347
81,1.31987, 103.96855
81,1.33557, 103.97907
81,1.33686, 103.97881
81,1.339, 103.97489
81,1.34108, 103.97099
81,1.38433, 103.99559
81,1.38977, 103.99711
82,1.42155, 103.91203
82,1.41177, 103.92285
82,1.40336, 103.93143
82,1.39963, 103.93032
82,1.39748, 103.92444
82,1.39023, 103.91688
82,1.38551, 103.91452
82,1.39204, 103.90869
82,1.39668, 103.90349
82,1.3997, 103.89594
82,1.40116, 103.88729
82,1.4067, 103.89122
82,1.41194, 103.895
82,1.41837, 103.89796
83,1.4557, 103.85066
83,1.44875, 103.85436
83,1.45016, 103.85835
83,1.43901, 103.86624
83,1.42444, 103.85925
83,1.42749, 103.85478
83,1.4356, 103.84616
83,1.43942, 103.84457
83,1.44221, 103.84067
83,1.44547, 103.83633
83,1.45126, 103.83273
83,1.45909, 103.84483
